<?xml version="1.0" encoding="UTF-8"?>

<mule xmlns:jms="http://www.mulesoft.org/schema/mule/jms" xmlns:ee="http://www.mulesoft.org/schema/mule/ee/core"
	xmlns:db="http://www.mulesoft.org/schema/mule/db"
	xmlns:http="http://www.mulesoft.org/schema/mule/http" xmlns="http://www.mulesoft.org/schema/mule/core" xmlns:doc="http://www.mulesoft.org/schema/mule/documentation" xmlns:xsi="http://www.w3.org/2001/XMLSchema-instance" xsi:schemaLocation="http://www.mulesoft.org/schema/mule/core http://www.mulesoft.org/schema/mule/core/current/mule.xsd
http://www.mulesoft.org/schema/mule/http http://www.mulesoft.org/schema/mule/http/current/mule-http.xsd
http://www.mulesoft.org/schema/mule/db http://www.mulesoft.org/schema/mule/db/current/mule-db.xsd
http://www.mulesoft.org/schema/mule/ee/core http://www.mulesoft.org/schema/mule/ee/core/current/mule-ee.xsd
http://www.mulesoft.org/schema/mule/jms http://www.mulesoft.org/schema/mule/jms/current/mule-jms.xsd">
	<http:listener-config name="HTTP_Listener_config" doc:name="HTTP Listener config" doc:id="fc164409-bfb1-4fcd-951d-5eb0f13e75a7" >
		<http:listener-connection host="0.0.0.0" port="8081" />
	</http:listener-config>
	<db:config name="Database_Config" doc:name="Database Config" doc:id="9fdb1937-ef85-4ab9-ba0f-ef4264e87b42" >
		<db:my-sql-connection host="127.0.0.1" port="3306" user="root" password="root"/>
	</db:config>
	<jms:config name="JMS_Config" doc:name="JMS Config" doc:id="92c01844-f45c-41ef-88c4-206ffb4f92b1" >
		<jms:active-mq-connection username="admin" password="admin" >
			<jms:factory-configuration brokerUrl="tcp://localhost:61616" />
		</jms:active-mq-connection>
	</jms:config>
	<flow name="database-muleFlow" doc:id="90195cdc-41f9-4bbe-ad81-bd45a0e75ecc" >
		<http:listener doc:name="Listener" doc:id="49709a9b-d06e-4713-b882-2bef1aa14236" config-ref="HTTP_Listener_config" path="/get.prodcuts"/>
		<db:select doc:name="Select " doc:id="960c16d7-7ede-4eb4-bc44-d298dbd53ffa" config-ref="Database_Config">
			<db:sql ><![CDATA[select * from craftcustomer.products;]]></db:sql>
		</db:select>
		<ee:transform doc:name="Transform Message" doc:id="2a629cb9-eb65-4ee6-b9ae-a2b5b6f4e98f" >
			<ee:message >
				<ee:set-payload ><![CDATA[%dw 2.0
output application/json
---
payload]]></ee:set-payload>
			</ee:message>
		</ee:transform>
		<jms:publish doc:name="publish" doc:id="e96b2b31-807c-4fb0-aa7b-40803383f6b1" config-ref="JMS_Config" destination="muleQ">
			<jms:message >
				<jms:body ><![CDATA[select * from craftcustomer.products;]]></jms:body>
			</jms:message>
		</jms:publish>
		<set-payload value="Done!!!" doc:name="Set Payload" doc:id="390cc481-a6f9-4052-9844-55fce42dd038" />
	</flow>
	<flow name="database-muleFlow1" doc:id="23b1b633-8a5b-422e-9b40-cd5752aa51fe" >
		<http:listener doc:name="Listener" doc:id="e211e4c1-7fce-456e-bf13-94a12ede7d15" config-ref="HTTP_Listener_config" path="/post_products"/>
		<db:insert doc:name="Insert" doc:id="9b7f4855-cfe4-4da4-b8e1-f8506f0861ea" config-ref="Database_Config">
			<db:sql ><![CDATA[insert into craftcustomer.products (productid, categoryid, name, description,video_url,price)values
(:productid, :categoryid, :name, :description, :video_url, :price)]]></db:sql>
			<db:input-parameters ><![CDATA[#[{
  productid: payload.productid,
  categoryid: payload.categoryid,
  name: payload.name,
  description: payload.description,
  video_url: payload.video_url,
  price: payload.price
}]]]></db:input-parameters>
		</db:insert>
	</flow>
	<flow name="database-muleFlow2" doc:id="81a2eb19-67e0-4d50-9db1-8a75dd8b4ea1" >
		<http:listener doc:name="Listener" doc:id="2e24ad83-e6ee-4ac1-aa20-8303ce9e543c" config-ref="HTTP_Listener_config" path="/get_update"/>
		<db:update doc:name="Update" doc:id="d241e4db-5a7c-4b30-958f-25368fb4d766" config-ref="Database_Config">
			<db:sql ><![CDATA[update craftcustomer.products set categoryid = :categoryid,
name = :name, description = :description, video_url = :video_url, price = :price where productid = :productid]]></db:sql>
			<db:input-parameters ><![CDATA[#[{
	productid: attributes.queryParams.productid,
	name: payload.name,
	categoryid: payload.categoryid,
	video_url: payload.video_url,
	description: payload.description,
	price: payload.price
	
	
	
	
	
}]]]></db:input-parameters>
		</db:update>
		<set-payload value="wude" doc:name="Set Payload" doc:id="a2e61e4f-d939-4ce4-96db-e607a50105f1" />
	</flow>
</mule>
